{
  "overall": {
    "BLEU-1": 0.12985775772985286,
    "BLEU-2": 0.049801286183339635,
    "BLEU-4": 0.01505215301740462,
    "ROUGE-1": 0.2606128350255462,
    "ROUGE-2": 0.05999937396447885,
    "ROUGE-L": 0.1414413266979659,
    "BERTScore-F1": 0.5411661267280579,
    "BERTScore-P": 0.5022704601287842,
    "BERTScore-R": 0.5889317989349365
  },
  "per_persona": {
    "P_001": {
      "BLEU-1": 0.12044787855849717,
      "BLEU-2": 0.04113895026522073,
      "BLEU-4": 0.012251326886640136,
      "ROUGE-1": 0.2523511411011046,
      "ROUGE-2": 0.0509349069652254,
      "ROUGE-L": 0.13350240424672047,
      "BERTScore-F1": 0.532378613948822,
      "BERTScore-P": 0.4933766722679138,
      "BERTScore-R": 0.5808578133583069
    },
    "P_002": {
      "BLEU-1": 0.14389773918406534,
      "BLEU-2": 0.05785136872672907,
      "BLEU-4": 0.01719707661627154,
      "ROUGE-1": 0.27986842948957663,
      "ROUGE-2": 0.07112250321639817,
      "ROUGE-L": 0.150271201580286,
      "BERTScore-F1": 0.549912691116333,
      "BERTScore-P": 0.5130663514137268,
      "BERTScore-R": 0.5944826006889343
    },
    "P_003": {
      "BLEU-1": 0.12502187312331356,
      "BLEU-2": 0.05044075081916819,
      "BLEU-4": 0.01573720677294208,
      "ROUGE-1": 0.24913031668419794,
      "ROUGE-2": 0.05784921561169455,
      "ROUGE-L": 0.14051077638106563,
      "BERTScore-F1": 0.5412089228630066,
      "BERTScore-P": 0.50028395652771,
      "BERTScore-R": 0.5915670394897461
    }
  }
}